arrival_date,commodity,commodity_code,district,grade,market,max_price,min_price,modal_price,state,variety
04/09/2026,Potato,24,Lucknow,FAQ,Lucknow APMC,700.0,700.0,700.0,Uttar Pradesh,Other
03/09/2026,Potato,24,Lucknow,FAQ,Lucknow APMC,700.0,700.0,700.0,Uttar Pradesh,Other
01/09/2026,Potato,24,Lucknow,FAQ,Lucknow APMC,700.0,700.0,700.0,Uttar Pradesh,Other
31/08/2026,Potato,24,Lucknow,FAQ,Lucknow APMC,710.0,700.0,700.43,Uttar Pradesh,Other
30/08/2026,Potato,24,Lucknow,FAQ,Lucknow APMC,800.0,700.0,733.33,Uttar Pradesh,Other
29/08/2026,Potato,24,Lucknow,FAQ,Lucknow APMC,700.0,700.0,700.0,Uttar Pradesh,Other
27/08/2026,Potato,24,Lucknow,FAQ,Lucknow APMC,700.0,700.0,700.0,Uttar Pradesh,Other
26/08/2026,Potato,24,Lucknow,FAQ,Lucknow APMC,1465.09,700.0,705.89,Uttar Pradesh,Other
25/08/2026,Potato,24,Lucknow,FAQ,Lucknow APMC,700.0,700.0,700.0,Uttar Pradesh,Other
24/08/2026,Potato,24,Lucknow,FAQ,Lucknow APMC,1100.0,700.0,817.22,Uttar Pradesh,Other
23/08/2026,Potato,24,Lucknow,FAQ,Lucknow APMC,1100.0,700.0,894.61,Uttar Pradesh,Other
22/08/2026,Potato,24,Lucknow,FAQ,Lucknow APMC,700.0,700.0,700.0,Uttar Pradesh,Other
21/08/2026,Potato,24,Lucknow,FAQ,Lucknow APMC,700.0,700.0,700.0,Uttar Pradesh,Other
19/08/2026,Potato,24,Lucknow,FAQ,Lucknow APMC,700.0,700.0,700.0,Uttar Pradesh,Other
18/08/2026,Potato,24,Lucknow,FAQ,Lucknow APMC,700.0,700.0,700.0,Uttar Pradesh,Other
17/08/2026,Potato,24,Lucknow,FAQ,Lucknow APMC,700.0,700.0,700.0,Uttar Pradesh,Other
16/08/2026,Potato,24,Lucknow,FAQ,Lucknow APMC,700.0,700.0,700.0,Uttar Pradesh,Other
15/08/2026,Potato,24,Lucknow,FAQ,Lucknow APMC,700.0,700.0,700.0,Uttar Pradesh,Other
14/08/2026,Potato,24,Lucknow,FAQ,Lucknow APMC,700.0,700.0,700.0,Uttar Pradesh,Other
13/08/2026,Potato,24,Lucknow,FAQ,Lucknow APMC,1575.91,1575.91,1575.91,Uttar Pradesh,Other
12/08/2026,Potato,24,Lucknow,FAQ,Lucknow APMC,700.0,700.0,700.0,Uttar Pradesh,Other
11/08/2026,Potato,24,Lucknow,FAQ,Lucknow APMC,700.0,700.0,700.0,Uttar Pradesh,Other
10/08/2026,Potato,24,Lucknow,FAQ,Lucknow APMC,700.0,700.0,700.0,Uttar Pradesh,Other
09/08/2026,Potato,24,Lucknow,FAQ,Lucknow APMC,700.0,700.0,700.0,Uttar Pradesh,Other
07/08/2026,Potato,24,Lucknow,FAQ,Lucknow APMC,1100.0,1100.0,1100.0,Uttar Pradesh,Other
06/08/2026,Potato,24,Lucknow,FAQ,Lucknow APMC,700.0,700.0,700.0,Uttar Pradesh,Other
05/08/2026,Potato,24,Lucknow,FAQ,Lucknow APMC,1100.0,700.0,830.73,Uttar Pradesh,Other
04/08/2026,Potato,24,Lucknow,FAQ,Lucknow APMC,700.0,700.0,700.0,Uttar Pradesh,Other
03/08/2026,Potato,24,Lucknow,FAQ,Lucknow APMC,1100.0,1100.0,1100.0,Uttar Pradesh,Other
02/08/2026,Potato,24,Lucknow,FAQ,Lucknow APMC,700.0,700.0,700.0,Uttar Pradesh,Other
01/08/2026,Potato,24,Lucknow,FAQ,Lucknow APMC,1100.0,700.0,917.55,Uttar Pradesh,Other
31/07/2026,Potato,24,Lucknow,FAQ,Lucknow APMC,700.0,700.0,700.0,Uttar Pradesh,Other
30/07/2026,Potato,24,Lucknow,FAQ,Lucknow APMC,700.0,700.0,700.0,Uttar Pradesh,Other
29/07/2026,Potato,24,Lucknow,FAQ,Lucknow APMC,700.0,700.0,700.0,Uttar Pradesh,Other
28/07/2026,Potato,24,Lucknow,FAQ,Lucknow APMC,700.0,700.0,700.0,Uttar Pradesh,Other
27/07/2026,Potato,24,Lucknow,FAQ,Lucknow APMC,1457.36,700.0,726.48,Uttar Pradesh,Other
26/07/2026,Potato,24,Lucknow,FAQ,Lucknow APMC,700.0,700.0,700.0,Uttar Pradesh,Other
25/07/2026,Potato,24,Lucknow,FAQ,Lucknow APMC,700.0,700.0,700.0,Uttar Pradesh,Other
24/07/2026,Potato,24,Lucknow,FAQ,Lucknow APMC,700.0,700.0,700.0,Uttar Pradesh,Other
23/07/2026,Potato,24,Lucknow,FAQ,Lucknow APMC,700.0,700.0,700.0,Uttar Pradesh,Other
20/07/2026,Potato,24,Lucknow,FAQ,Lucknow APMC,700.0,700.0,700.0,Uttar Pradesh,Other
19/07/2026,Potato,24,Lucknow,FAQ,Lucknow APMC,700.0,700.0,700.0,Uttar Pradesh,Other
18/07/2026,Potato,24,Lucknow,FAQ,Lucknow APMC,700.0,700.0,700.0,Uttar Pradesh,Other
17/07/2026,Potato,24,Lucknow,FAQ,Lucknow APMC,700.0,700.0,700.0,Uttar Pradesh,Other
16/07/2026,Potato,24,Lucknow,FAQ,Lucknow APMC,700.0,700.0,700.0,Uttar Pradesh,Other
15/07/2026,Potato,24,Lucknow,FAQ,Lucknow APMC,700.0,700.0,700.0,Uttar Pradesh,Other
14/07/2026,Potato,24,Lucknow,FAQ,Lucknow APMC,700.0,700.0,700.0,Uttar Pradesh,Other
13/07/2026,Potato,24,Lucknow,FAQ,Lucknow APMC,1649.43,1649.43,1649.43,Uttar Pradesh,Other
12/07/2026,Potato,24,Lucknow,FAQ,Lucknow APMC,700.0,700.0,700.0,Uttar Pradesh,Other
11/07/2026,Potato,24,Lucknow,FAQ,Lucknow APMC,700.0,700.0,700.0,Uttar Pradesh,Other
10/07/2026,Potato,24,Lucknow,FAQ,Lucknow APMC,700.0,700.0,700.0,Uttar Pradesh,Other
09/07/2026,Potato,24,Lucknow,FAQ,Lucknow APMC,700.0,700.0,700.0,Uttar Pradesh,Other
08/07/2026,Potato,24,Lucknow,FAQ,Lucknow APMC,700.0,700.0,700.0,Uttar Pradesh,Other
07/07/2026,Potato,24,Lucknow,FAQ,Lucknow APMC,700.0,700.0,700.0,Uttar Pradesh,Other
05/07/2026,Potato,24,Lucknow,FAQ,Lucknow APMC,700.0,700.0,700.0,Uttar Pradesh,Other
04/07/2026,Potato,24,Lucknow,FAQ,Lucknow APMC,700.0,700.0,700.0,Uttar Pradesh,Other
02/07/2026,Potato,24,Lucknow,FAQ,Lucknow APMC,700.0,700.0,700.0,Uttar Pradesh,Other
01/07/2026,Potato,24,Lucknow,FAQ,Lucknow APMC,700.0,700.0,700.0,Uttar Pradesh,Other
30/06/2026,Potato,24,Lucknow,FAQ,Lucknow APMC,700.0,700.0,700.0,Uttar Pradesh,Other
29/06/2026,Potato,24,Lucknow,FAQ,Lucknow APMC,2261.39,700.0,737.13,Uttar Pradesh,Other
28/06/2026,Potato,24,Lucknow,FAQ,Lucknow APMC,700.0,700.0,700.0,Uttar Pradesh,Other
27/06/2026,Potato,24,Lucknow,FAQ,Lucknow APMC,700.0,700.0,700.0,Uttar Pradesh,Other
25/06/2026,Potato,24,Lucknow,FAQ,Lucknow APMC,700.0,700.0,700.0,Uttar Pradesh,Other
24/06/2026,Potato,24,Lucknow,FAQ,Lucknow APMC,700.0,700.0,700.0,Uttar Pradesh,Other
22/06/2026,Potato,24,Lucknow,FAQ,Lucknow APMC,700.0,700.0,700.0,Uttar Pradesh,Other
21/06/2026,Potato,24,Lucknow,FAQ,Lucknow APMC,700.0,700.0,700.0,Uttar Pradesh,Other
18/06/2026,Potato,24,Lucknow,FAQ,Lucknow APMC,700.0,700.0,700.0,Uttar Pradesh,Other
17/06/2026,Potato,24,Lucknow,FAQ,Lucknow APMC,700.0,700.0,700.0,Uttar Pradesh,Other
15/06/2026,Potato,24,Lucknow,FAQ,Lucknow APMC,700.0,700.0,700.0,Uttar Pradesh,Other
14/06/2026,Potato,24,Lucknow,FAQ,Lucknow APMC,700.0,700.0,700.0,Uttar Pradesh,Other
13/06/2026,Potato,24,Lucknow,FAQ,Lucknow APMC,1100.0,1100.0,1100.0,Uttar Pradesh,Other
11/06/2026,Potato,24,Lucknow,FAQ,Lucknow APMC,1692.45,1692.45,1692.45,Uttar Pradesh,Other
06/06/2026,Potato,24,Lucknow,FAQ,Lucknow APMC,800.0,800.0,800.0,Uttar Pradesh,Other
05/06/2026,Potato,24,Lucknow,FAQ,Lucknow APMC,800.0,800.0,800.0,Uttar Pradesh,Other
03/06/2026,Potato,24,Lucknow,FAQ,Lucknow APMC,800.0,800.0,800.0,Uttar Pradesh,Other
01/06/2026,Potato,24,Lucknow,FAQ,Lucknow APMC,800.0,800.0,800.0,Uttar Pradesh,Other
31/05/2026,Potato,24,Lucknow,FAQ,Lucknow APMC,800.0,800.0,800.0,Uttar Pradesh,Other
30/05/2026,Potato,24,Lucknow,FAQ,Lucknow APMC,800.0,800.0,800.0,Uttar Pradesh,Other
29/05/2026,Potato,24,Lucknow,FAQ,Lucknow APMC,800.0,800.0,800.0,Uttar Pradesh,Other
27/05/2026,Potato,24,Lucknow,FAQ,Lucknow APMC,1564.89,800.0,800.94,Uttar Pradesh,Other
23/05/2026,Potato,24,Lucknow,FAQ,Lucknow APMC,800.0,800.0,800.0,Uttar Pradesh,Other
20/05/2026,Potato,24,Lucknow,FAQ,Lucknow APMC,800.0,800.0,800.0,Uttar Pradesh,Other
18/05/2026,Potato,24,Lucknow,FAQ,Lucknow APMC,600.0,600.0,600.0,Uttar Pradesh,Other
15/05/2026,Potato,24,Lucknow,FAQ,Lucknow APMC,600.0,600.0,600.0,Uttar Pradesh,Other
14/05/2026,Potato,24,Lucknow,FAQ,Lucknow APMC,1634.85,1634.85,1634.85,Uttar Pradesh,Other
08/05/2026,Potato,24,Lucknow,FAQ,Lucknow APMC,600.0,600.0,600.0,Uttar Pradesh,Other
07/05/2026,Potato,24,Lucknow,FAQ,Lucknow APMC,600.0,600.0,600.0,Uttar Pradesh,Other
06/05/2026,Potato,24,Lucknow,FAQ,Lucknow APMC,600.0,600.0,600.0,Uttar Pradesh,Other
04/05/2026,Potato,24,Lucknow,FAQ,Lucknow APMC,600.0,600.0,600.0,Uttar Pradesh,Other
30/04/2026,Potato,24,Lucknow,FAQ,Lucknow APMC,600.0,600.0,600.0,Uttar Pradesh,Other
29/04/2026,Potato,24,Lucknow,FAQ,Lucknow APMC,600.0,600.0,600.0,Uttar Pradesh,Other
28/04/2026,Potato,24,Lucknow,FAQ,Lucknow APMC,600.0,600.0,600.0,Uttar Pradesh,Other
27/04/2026,Potato,24,Lucknow,FAQ,Lucknow APMC,600.0,600.0,600.0,Uttar Pradesh,Other
26/04/2026,Potato,24,Lucknow,FAQ,Lucknow APMC,1458.61,600.0,601.7,Uttar Pradesh,Other
20/04/2026,Potato,24,Lucknow,FAQ,Lucknow APMC,600.0,600.0,600.0,Uttar Pradesh,Other
19/04/2026,Potato,24,Lucknow,FAQ,Lucknow APMC,1100.0,1100.0,1100.0,Uttar Pradesh,Other
18/04/2026,Potato,24,Lucknow,FAQ,Lucknow APMC,1100.0,1100.0,1100.0,Uttar Pradesh,Other
17/04/2026,Potato,24,Lucknow,FAQ,Lucknow APMC,1100.0,1100.0,1100.0,Uttar Pradesh,Other
16/04/2026,Potato,24,Lucknow,FAQ,Lucknow APMC,1100.0,1100.0,1100.0,Uttar Pradesh,Other
15/04/2026,Potato,24,Lucknow,FAQ,Lucknow APMC,1100.0,1100.0,1100.0,Uttar Pradesh,Other
